{"cameraMode":{"drawMode":0,"name":"Shaded","section":"Shading Mode"},"sceneLighting":false,"audioPlay":false,"sceneViewState":{"m_AlwaysRefresh":false,"showFog":true,"showSkybox":false,"showFlares":true,"showImageEffects":true,"showParticleSystems":true,"showVisualEffectGraphs":true,"m_FxEnabled":true},"in2DMode":false,"pivot":{"x":0.7449156045913696,"y":-0.15351377427577973,"z":2.9905283451080324},"rotation":{"x":0.03237335756421089,"y":0.03664300963282585,"z":-0.0005312905996106565,"w":0.998619556427002},"size":1.087051510810852,"orthographic":false}