{"cameraMode":{"drawMode":0,"name":"Shaded","section":"Shading Mode"},"sceneLighting":false,"audioPlay":false,"sceneViewState":{"m_AlwaysRefresh":false,"showFog":true,"showSkybox":false,"showFlares":true,"showImageEffects":true,"showParticleSystems":true,"showVisualEffectGraphs":true,"m_FxEnabled":true},"in2DMode":false,"pivot":{"x":0.06058713048696518,"y":-0.16950993239879609,"z":0.3593885898590088},"rotation":{"x":0.03928862139582634,"y":0.021884361281991006,"z":-0.0008744476945139468,"w":0.9989798665046692},"size":1.0068336725234986,"orthographic":false}